date_key,date,year,quarter,month,month_name,day,day_of_week,day_name,week_of_year,is_weekend,fiscal_year,season,temp_factor
20240101,2024-01-01 00:00:00,2024,1,1,January,1,0,Monday,1,0,2024,Summer,1.3
20240102,2024-01-02 00:00:00,2024,1,1,January,2,1,Tuesday,1,0,2024,Summer,1.3
20240103,2024-01-03 00:00:00,2024,1,1,January,3,2,Wednesday,1,0,2024,Summer,1.3
20240104,2024-01-04 00:00:00,2024,1,1,January,4,3,Thursday,1,0,2024,Summer,1.3
20240105,2024-01-05 00:00:00,2024,1,1,January,5,4,Friday,1,0,2024,Summer,1.3
20240106,2024-01-06 00:00:00,2024,1,1,January,6,5,Saturday,1,1,2024,Summer,1.3
20240107,2024-01-07 00:00:00,2024,1,1,January,7,6,Sunday,1,1,2024,Summer,1.3
20240108,2024-01-08 00:00:00,2024,1,1,January,8,0,Monday,2,0,2024,Summer,1.3
20240109,2024-01-09 00:00:00,2024,1,1,January,9,1,Tuesday,2,0,2024,Summer,1.3
20240110,2024-01-10 00:00:00,2024,1,1,January,10,2,Wednesday,2,0,2024,Summer,1.3
20240111,2024-01-11 00:00:00,2024,1,1,January,11,3,Thursday,2,0,2024,Summer,1.3
20240112,2024-01-12 00:00:00,2024,1,1,January,12,4,Friday,2,0,2024,Summer,1.3
20240113,2024-01-13 00:00:00,2024,1,1,January,13,5,Saturday,2,1,2024,Summer,1.3
20240114,2024-01-14 00:00:00,2024,1,1,January,14,6,Sunday,2,1,2024,Summer,1.3
20240115,2024-01-15 00:00:00,2024,1,1,January,15,0,Monday,3,0,2024,Summer,1.3
20240116,2024-01-16 00:00:00,2024,1,1,January,16,1,Tuesday,3,0,2024,Summer,1.3
20240117,2024-01-17 00:00:00,2024,1,1,January,17,2,Wednesday,3,0,2024,Summer,1.3
20240118,2024-01-18 00:00:00,2024,1,1,January,18,3,Thursday,3,0,2024,Summer,1.3
20240119,2024-01-19 00:00:00,2024,1,1,January,19,4,Friday,3,0,2024,Summer,1.3
20240120,2024-01-20 00:00:00,2024,1,1,January,20,5,Saturday,3,1,2024,Summer,1.3
20240121,2024-01-21 00:00:00,2024,1,1,January,21,6,Sunday,3,1,2024,Summer,1.3
20240122,2024-01-22 00:00:00,2024,1,1,January,22,0,Monday,4,0,2024,Summer,1.3
20240123,2024-01-23 00:00:00,2024,1,1,January,23,1,Tuesday,4,0,2024,Summer,1.3
20240124,2024-01-24 00:00:00,2024,1,1,January,24,2,Wednesday,4,0,2024,Summer,1.3
20240125,2024-01-25 00:00:00,2024,1,1,January,25,3,Thursday,4,0,2024,Summer,1.3
20240126,2024-01-26 00:00:00,2024,1,1,January,26,4,Friday,4,0,2024,Summer,1.3
20240127,2024-01-27 00:00:00,2024,1,1,January,27,5,Saturday,4,1,2024,Summer,1.3
20240128,2024-01-28 00:00:00,2024,1,1,January,28,6,Sunday,4,1,2024,Summer,1.3
20240129,2024-01-29 00:00:00,2024,1,1,January,29,0,Monday,5,0,2024,Summer,1.3
20240130,2024-01-30 00:00:00,2024,1,1,January,30,1,Tuesday,5,0,2024,Summer,1.3
20240131,2024-01-31 00:00:00,2024,1,1,January,31,2,Wednesday,5,0,2024,Summer,1.3
20240201,2024-02-01 00:00:00,2024,1,2,February,1,3,Thursday,5,0,2024,Summer,1.3
20240202,2024-02-02 00:00:00,2024,1,2,February,2,4,Friday,5,0,2024,Summer,1.3
20240203,2024-02-03 00:00:00,2024,1,2,February,3,5,Saturday,5,1,2024,Summer,1.3
20240204,2024-02-04 00:00:00,2024,1,2,February,4,6,Sunday,5,1,2024,Summer,1.3
20240205,2024-02-05 00:00:00,2024,1,2,February,5,0,Monday,6,0,2024,Summer,1.3
20240206,2024-02-06 00:00:00,2024,1,2,February,6,1,Tuesday,6,0,2024,Summer,1.3
20240207,2024-02-07 00:00:00,2024,1,2,February,7,2,Wednesday,6,0,2024,Summer,1.3
20240208,2024-02-08 00:00:00,2024,1,2,February,8,3,Thursday,6,0,2024,Summer,1.3
20240209,2024-02-09 00:00:00,2024,1,2,February,9,4,Friday,6,0,2024,Summer,1.3
20240210,2024-02-10 00:00:00,2024,1,2,February,10,5,Saturday,6,1,2024,Summer,1.3
20240211,2024-02-11 00:00:00,2024,1,2,February,11,6,Sunday,6,1,2024,Summer,1.3
20240212,2024-02-12 00:00:00,2024,1,2,February,12,0,Monday,7,0,2024,Summer,1.3
20240213,2024-02-13 00:00:00,2024,1,2,February,13,1,Tuesday,7,0,2024,Summer,1.3
20240214,2024-02-14 00:00:00,2024,1,2,February,14,2,Wednesday,7,0,2024,Summer,1.3
20240215,2024-02-15 00:00:00,2024,1,2,February,15,3,Thursday,7,0,2024,Summer,1.3
20240216,2024-02-16 00:00:00,2024,1,2,February,16,4,Friday,7,0,2024,Summer,1.3
20240217,2024-02-17 00:00:00,2024,1,2,February,17,5,Saturday,7,1,2024,Summer,1.3
20240218,2024-02-18 00:00:00,2024,1,2,February,18,6,Sunday,7,1,2024,Summer,1.3
20240219,2024-02-19 00:00:00,2024,1,2,February,19,0,Monday,8,0,2024,Summer,1.3
20240220,2024-02-20 00:00:00,2024,1,2,February,20,1,Tuesday,8,0,2024,Summer,1.3
20240221,2024-02-21 00:00:00,2024,1,2,February,21,2,Wednesday,8,0,2024,Summer,1.3
20240222,2024-02-22 00:00:00,2024,1,2,February,22,3,Thursday,8,0,2024,Summer,1.3
20240223,2024-02-23 00:00:00,2024,1,2,February,23,4,Friday,8,0,2024,Summer,1.3
20240224,2024-02-24 00:00:00,2024,1,2,February,24,5,Saturday,8,1,2024,Summer,1.3
20240225,2024-02-25 00:00:00,2024,1,2,February,25,6,Sunday,8,1,2024,Summer,1.3
20240226,2024-02-26 00:00:00,2024,1,2,February,26,0,Monday,9,0,2024,Summer,1.3
20240227,2024-02-27 00:00:00,2024,1,2,February,27,1,Tuesday,9,0,2024,Summer,1.3
20240228,2024-02-28 00:00:00,2024,1,2,February,28,2,Wednesday,9,0,2024,Summer,1.3
20240229,2024-02-29 00:00:00,2024,1,2,February,29,3,Thursday,9,0,2024,Summer,1.3
20240301,2024-03-01 00:00:00,2024,1,3,March,1,4,Friday,9,0,2024,Autumn,1.1
20240302,2024-03-02 00:00:00,2024,1,3,March,2,5,Saturday,9,1,2024,Autumn,1.1
20240303,2024-03-03 00:00:00,2024,1,3,March,3,6,Sunday,9,1,2024,Autumn,1.1
20240304,2024-03-04 00:00:00,2024,1,3,March,4,0,Monday,10,0,2024,Autumn,1.1
20240305,2024-03-05 00:00:00,2024,1,3,March,5,1,Tuesday,10,0,2024,Autumn,1.1
20240306,2024-03-06 00:00:00,2024,1,3,March,6,2,Wednesday,10,0,2024,Autumn,1.1
20240307,2024-03-07 00:00:00,2024,1,3,March,7,3,Thursday,10,0,2024,Autumn,1.1
20240308,2024-03-08 00:00:00,2024,1,3,March,8,4,Friday,10,0,2024,Autumn,1.1
20240309,2024-03-09 00:00:00,2024,1,3,March,9,5,Saturday,10,1,2024,Autumn,1.1
20240310,2024-03-10 00:00:00,2024,1,3,March,10,6,Sunday,10,1,2024,Autumn,1.1
20240311,2024-03-11 00:00:00,2024,1,3,March,11,0,Monday,11,0,2024,Autumn,1.1
20240312,2024-03-12 00:00:00,2024,1,3,March,12,1,Tuesday,11,0,2024,Autumn,1.1
20240313,2024-03-13 00:00:00,2024,1,3,March,13,2,Wednesday,11,0,2024,Autumn,1.1
20240314,2024-03-14 00:00:00,2024,1,3,March,14,3,Thursday,11,0,2024,Autumn,1.1
20240315,2024-03-15 00:00:00,2024,1,3,March,15,4,Friday,11,0,2024,Autumn,1.1
20240316,2024-03-16 00:00:00,2024,1,3,March,16,5,Saturday,11,1,2024,Autumn,1.1
20240317,2024-03-17 00:00:00,2024,1,3,March,17,6,Sunday,11,1,2024,Autumn,1.1
20240318,2024-03-18 00:00:00,2024,1,3,March,18,0,Monday,12,0,2024,Autumn,1.1
20240319,2024-03-19 00:00:00,2024,1,3,March,19,1,Tuesday,12,0,2024,Autumn,1.1
20240320,2024-03-20 00:00:00,2024,1,3,March,20,2,Wednesday,12,0,2024,Autumn,1.1
20240321,2024-03-21 00:00:00,2024,1,3,March,21,3,Thursday,12,0,2024,Autumn,1.1
20240322,2024-03-22 00:00:00,2024,1,3,March,22,4,Friday,12,0,2024,Autumn,1.1
20240323,2024-03-23 00:00:00,2024,1,3,March,23,5,Saturday,12,1,2024,Autumn,1.1
20240324,2024-03-24 00:00:00,2024,1,3,March,24,6,Sunday,12,1,2024,Autumn,1.1
20240325,2024-03-25 00:00:00,2024,1,3,March,25,0,Monday,13,0,2024,Autumn,1.1
20240326,2024-03-26 00:00:00,2024,1,3,March,26,1,Tuesday,13,0,2024,Autumn,1.1
20240327,2024-03-27 00:00:00,2024,1,3,March,27,2,Wednesday,13,0,2024,Autumn,1.1
20240328,2024-03-28 00:00:00,2024,1,3,March,28,3,Thursday,13,0,2024,Autumn,1.1
20240329,2024-03-29 00:00:00,2024,1,3,March,29,4,Friday,13,0,2024,Autumn,1.1
20240330,2024-03-30 00:00:00,2024,1,3,March,30,5,Saturday,13,1,2024,Autumn,1.1
20240331,2024-03-31 00:00:00,2024,1,3,March,31,6,Sunday,13,1,2024,Autumn,1.1
20240401,2024-04-01 00:00:00,2024,2,4,April,1,0,Monday,14,0,2024,Autumn,1.0
20240402,2024-04-02 00:00:00,2024,2,4,April,2,1,Tuesday,14,0,2024,Autumn,1.0
20240403,2024-04-03 00:00:00,2024,2,4,April,3,2,Wednesday,14,0,2024,Autumn,1.0
20240404,2024-04-04 00:00:00,2024,2,4,April,4,3,Thursday,14,0,2024,Autumn,1.0
20240405,2024-04-05 00:00:00,2024,2,4,April,5,4,Friday,14,0,2024,Autumn,1.0
20240406,2024-04-06 00:00:00,2024,2,4,April,6,5,Saturday,14,1,2024,Autumn,1.0
20240407,2024-04-07 00:00:00,2024,2,4,April,7,6,Sunday,14,1,2024,Autumn,1.0
20240408,2024-04-08 00:00:00,2024,2,4,April,8,0,Monday,15,0,2024,Autumn,1.0
20240409,2024-04-09 00:00:00,2024,2,4,April,9,1,Tuesday,15,0,2024,Autumn,1.0
20240410,2024-04-10 00:00:00,2024,2,4,April,10,2,Wednesday,15,0,2024,Autumn,1.0
20240411,2024-04-11 00:00:00,2024,2,4,April,11,3,Thursday,15,0,2024,Autumn,1.0
20240412,2024-04-12 00:00:00,2024,2,4,April,12,4,Friday,15,0,2024,Autumn,1.0
20240413,2024-04-13 00:00:00,2024,2,4,April,13,5,Saturday,15,1,2024,Autumn,1.0
20240414,2024-04-14 00:00:00,2024,2,4,April,14,6,Sunday,15,1,2024,Autumn,1.0
20240415,2024-04-15 00:00:00,2024,2,4,April,15,0,Monday,16,0,2024,Autumn,1.0
20240416,2024-04-16 00:00:00,2024,2,4,April,16,1,Tuesday,16,0,2024,Autumn,1.0
20240417,2024-04-17 00:00:00,2024,2,4,April,17,2,Wednesday,16,0,2024,Autumn,1.0
20240418,2024-04-18 00:00:00,2024,2,4,April,18,3,Thursday,16,0,2024,Autumn,1.0
20240419,2024-04-19 00:00:00,2024,2,4,April,19,4,Friday,16,0,2024,Autumn,1.0
20240420,2024-04-20 00:00:00,2024,2,4,April,20,5,Saturday,16,1,2024,Autumn,1.0
20240421,2024-04-21 00:00:00,2024,2,4,April,21,6,Sunday,16,1,2024,Autumn,1.0
20240422,2024-04-22 00:00:00,2024,2,4,April,22,0,Monday,17,0,2024,Autumn,1.0
20240423,2024-04-23 00:00:00,2024,2,4,April,23,1,Tuesday,17,0,2024,Autumn,1.0
20240424,2024-04-24 00:00:00,2024,2,4,April,24,2,Wednesday,17,0,2024,Autumn,1.0
20240425,2024-04-25 00:00:00,2024,2,4,April,25,3,Thursday,17,0,2024,Autumn,1.0
20240426,2024-04-26 00:00:00,2024,2,4,April,26,4,Friday,17,0,2024,Autumn,1.0
20240427,2024-04-27 00:00:00,2024,2,4,April,27,5,Saturday,17,1,2024,Autumn,1.0
20240428,2024-04-28 00:00:00,2024,2,4,April,28,6,Sunday,17,1,2024,Autumn,1.0
20240429,2024-04-29 00:00:00,2024,2,4,April,29,0,Monday,18,0,2024,Autumn,1.0
20240430,2024-04-30 00:00:00,2024,2,4,April,30,1,Tuesday,18,0,2024,Autumn,1.0
20240501,2024-05-01 00:00:00,2024,2,5,May,1,2,Wednesday,18,0,2024,Autumn,0.9
20240502,2024-05-02 00:00:00,2024,2,5,May,2,3,Thursday,18,0,2024,Autumn,0.9
20240503,2024-05-03 00:00:00,2024,2,5,May,3,4,Friday,18,0,2024,Autumn,0.9
20240504,2024-05-04 00:00:00,2024,2,5,May,4,5,Saturday,18,1,2024,Autumn,0.9
20240505,2024-05-05 00:00:00,2024,2,5,May,5,6,Sunday,18,1,2024,Autumn,0.9
20240506,2024-05-06 00:00:00,2024,2,5,May,6,0,Monday,19,0,2024,Autumn,0.9
20240507,2024-05-07 00:00:00,2024,2,5,May,7,1,Tuesday,19,0,2024,Autumn,0.9
20240508,2024-05-08 00:00:00,2024,2,5,May,8,2,Wednesday,19,0,2024,Autumn,0.9
20240509,2024-05-09 00:00:00,2024,2,5,May,9,3,Thursday,19,0,2024,Autumn,0.9
20240510,2024-05-10 00:00:00,2024,2,5,May,10,4,Friday,19,0,2024,Autumn,0.9
20240511,2024-05-11 00:00:00,2024,2,5,May,11,5,Saturday,19,1,2024,Autumn,0.9
20240512,2024-05-12 00:00:00,2024,2,5,May,12,6,Sunday,19,1,2024,Autumn,0.9
20240513,2024-05-13 00:00:00,2024,2,5,May,13,0,Monday,20,0,2024,Autumn,0.9
20240514,2024-05-14 00:00:00,2024,2,5,May,14,1,Tuesday,20,0,2024,Autumn,0.9
20240515,2024-05-15 00:00:00,2024,2,5,May,15,2,Wednesday,20,0,2024,Autumn,0.9
20240516,2024-05-16 00:00:00,2024,2,5,May,16,3,Thursday,20,0,2024,Autumn,0.9
20240517,2024-05-17 00:00:00,2024,2,5,May,17,4,Friday,20,0,2024,Autumn,0.9
20240518,2024-05-18 00:00:00,2024,2,5,May,18,5,Saturday,20,1,2024,Autumn,0.9
20240519,2024-05-19 00:00:00,2024,2,5,May,19,6,Sunday,20,1,2024,Autumn,0.9
20240520,2024-05-20 00:00:00,2024,2,5,May,20,0,Monday,21,0,2024,Autumn,0.9
20240521,2024-05-21 00:00:00,2024,2,5,May,21,1,Tuesday,21,0,2024,Autumn,0.9
20240522,2024-05-22 00:00:00,2024,2,5,May,22,2,Wednesday,21,0,2024,Autumn,0.9
20240523,2024-05-23 00:00:00,2024,2,5,May,23,3,Thursday,21,0,2024,Autumn,0.9
20240524,2024-05-24 00:00:00,2024,2,5,May,24,4,Friday,21,0,2024,Autumn,0.9
20240525,2024-05-25 00:00:00,2024,2,5,May,25,5,Saturday,21,1,2024,Autumn,0.9
20240526,2024-05-26 00:00:00,2024,2,5,May,26,6,Sunday,21,1,2024,Autumn,0.9
20240527,2024-05-27 00:00:00,2024,2,5,May,27,0,Monday,22,0,2024,Autumn,0.9
20240528,2024-05-28 00:00:00,2024,2,5,May,28,1,Tuesday,22,0,2024,Autumn,0.9
20240529,2024-05-29 00:00:00,2024,2,5,May,29,2,Wednesday,22,0,2024,Autumn,0.9
20240530,2024-05-30 00:00:00,2024,2,5,May,30,3,Thursday,22,0,2024,Autumn,0.9
20240531,2024-05-31 00:00:00,2024,2,5,May,31,4,Friday,22,0,2024,Autumn,0.9
20240601,2024-06-01 00:00:00,2024,2,6,June,1,5,Saturday,22,1,2024,Winter,0.85
20240602,2024-06-02 00:00:00,2024,2,6,June,2,6,Sunday,22,1,2024,Winter,0.85
20240603,2024-06-03 00:00:00,2024,2,6,June,3,0,Monday,23,0,2024,Winter,0.85
20240604,2024-06-04 00:00:00,2024,2,6,June,4,1,Tuesday,23,0,2024,Winter,0.85
20240605,2024-06-05 00:00:00,2024,2,6,June,5,2,Wednesday,23,0,2024,Winter,0.85
20240606,2024-06-06 00:00:00,2024,2,6,June,6,3,Thursday,23,0,2024,Winter,0.85
20240607,2024-06-07 00:00:00,2024,2,6,June,7,4,Friday,23,0,2024,Winter,0.85
20240608,2024-06-08 00:00:00,2024,2,6,June,8,5,Saturday,23,1,2024,Winter,0.85
20240609,2024-06-09 00:00:00,2024,2,6,June,9,6,Sunday,23,1,2024,Winter,0.85
20240610,2024-06-10 00:00:00,2024,2,6,June,10,0,Monday,24,0,2024,Winter,0.85
20240611,2024-06-11 00:00:00,2024,2,6,June,11,1,Tuesday,24,0,2024,Winter,0.85
20240612,2024-06-12 00:00:00,2024,2,6,June,12,2,Wednesday,24,0,2024,Winter,0.85
20240613,2024-06-13 00:00:00,2024,2,6,June,13,3,Thursday,24,0,2024,Winter,0.85
20240614,2024-06-14 00:00:00,2024,2,6,June,14,4,Friday,24,0,2024,Winter,0.85
20240615,2024-06-15 00:00:00,2024,2,6,June,15,5,Saturday,24,1,2024,Winter,0.85
20240616,2024-06-16 00:00:00,2024,2,6,June,16,6,Sunday,24,1,2024,Winter,0.85
20240617,2024-06-17 00:00:00,2024,2,6,June,17,0,Monday,25,0,2024,Winter,0.85
20240618,2024-06-18 00:00:00,2024,2,6,June,18,1,Tuesday,25,0,2024,Winter,0.85
20240619,2024-06-19 00:00:00,2024,2,6,June,19,2,Wednesday,25,0,2024,Winter,0.85
20240620,2024-06-20 00:00:00,2024,2,6,June,20,3,Thursday,25,0,2024,Winter,0.85
20240621,2024-06-21 00:00:00,2024,2,6,June,21,4,Friday,25,0,2024,Winter,0.85
20240622,2024-06-22 00:00:00,2024,2,6,June,22,5,Saturday,25,1,2024,Winter,0.85
20240623,2024-06-23 00:00:00,2024,2,6,June,23,6,Sunday,25,1,2024,Winter,0.85
20240624,2024-06-24 00:00:00,2024,2,6,June,24,0,Monday,26,0,2024,Winter,0.85
20240625,2024-06-25 00:00:00,2024,2,6,June,25,1,Tuesday,26,0,2024,Winter,0.85
20240626,2024-06-26 00:00:00,2024,2,6,June,26,2,Wednesday,26,0,2024,Winter,0.85
20240627,2024-06-27 00:00:00,2024,2,6,June,27,3,Thursday,26,0,2024,Winter,0.85
20240628,2024-06-28 00:00:00,2024,2,6,June,28,4,Friday,26,0,2024,Winter,0.85
20240629,2024-06-29 00:00:00,2024,2,6,June,29,5,Saturday,26,1,2024,Winter,0.85
20240630,2024-06-30 00:00:00,2024,2,6,June,30,6,Sunday,26,1,2024,Winter,0.85
20240701,2024-07-01 00:00:00,2024,3,7,July,1,0,Monday,27,0,2025,Winter,0.85
20240702,2024-07-02 00:00:00,2024,3,7,July,2,1,Tuesday,27,0,2025,Winter,0.85
20240703,2024-07-03 00:00:00,2024,3,7,July,3,2,Wednesday,27,0,2025,Winter,0.85
20240704,2024-07-04 00:00:00,2024,3,7,July,4,3,Thursday,27,0,2025,Winter,0.85
20240705,2024-07-05 00:00:00,2024,3,7,July,5,4,Friday,27,0,2025,Winter,0.85
20240706,2024-07-06 00:00:00,2024,3,7,July,6,5,Saturday,27,1,2025,Winter,0.85
20240707,2024-07-07 00:00:00,2024,3,7,July,7,6,Sunday,27,1,2025,Winter,0.85
20240708,2024-07-08 00:00:00,2024,3,7,July,8,0,Monday,28,0,2025,Winter,0.85
20240709,2024-07-09 00:00:00,2024,3,7,July,9,1,Tuesday,28,0,2025,Winter,0.85
20240710,2024-07-10 00:00:00,2024,3,7,July,10,2,Wednesday,28,0,2025,Winter,0.85
20240711,2024-07-11 00:00:00,2024,3,7,July,11,3,Thursday,28,0,2025,Winter,0.85
20240712,2024-07-12 00:00:00,2024,3,7,July,12,4,Friday,28,0,2025,Winter,0.85
20240713,2024-07-13 00:00:00,2024,3,7,July,13,5,Saturday,28,1,2025,Winter,0.85
20240714,2024-07-14 00:00:00,2024,3,7,July,14,6,Sunday,28,1,2025,Winter,0.85
20240715,2024-07-15 00:00:00,2024,3,7,July,15,0,Monday,29,0,2025,Winter,0.85
20240716,2024-07-16 00:00:00,2024,3,7,July,16,1,Tuesday,29,0,2025,Winter,0.85
20240717,2024-07-17 00:00:00,2024,3,7,July,17,2,Wednesday,29,0,2025,Winter,0.85
20240718,2024-07-18 00:00:00,2024,3,7,July,18,3,Thursday,29,0,2025,Winter,0.85
20240719,2024-07-19 00:00:00,2024,3,7,July,19,4,Friday,29,0,2025,Winter,0.85
20240720,2024-07-20 00:00:00,2024,3,7,July,20,5,Saturday,29,1,2025,Winter,0.85
20240721,2024-07-21 00:00:00,2024,3,7,July,21,6,Sunday,29,1,2025,Winter,0.85
20240722,2024-07-22 00:00:00,2024,3,7,July,22,0,Monday,30,0,2025,Winter,0.85
20240723,2024-07-23 00:00:00,2024,3,7,July,23,1,Tuesday,30,0,2025,Winter,0.85
20240724,2024-07-24 00:00:00,2024,3,7,July,24,2,Wednesday,30,0,2025,Winter,0.85
20240725,2024-07-25 00:00:00,2024,3,7,July,25,3,Thursday,30,0,2025,Winter,0.85
20240726,2024-07-26 00:00:00,2024,3,7,July,26,4,Friday,30,0,2025,Winter,0.85
20240727,2024-07-27 00:00:00,2024,3,7,July,27,5,Saturday,30,1,2025,Winter,0.85
20240728,2024-07-28 00:00:00,2024,3,7,July,28,6,Sunday,30,1,2025,Winter,0.85
20240729,2024-07-29 00:00:00,2024,3,7,July,29,0,Monday,31,0,2025,Winter,0.85
20240730,2024-07-30 00:00:00,2024,3,7,July,30,1,Tuesday,31,0,2025,Winter,0.85
20240731,2024-07-31 00:00:00,2024,3,7,July,31,2,Wednesday,31,0,2025,Winter,0.85
20240801,2024-08-01 00:00:00,2024,3,8,August,1,3,Thursday,31,0,2025,Winter,0.9
20240802,2024-08-02 00:00:00,2024,3,8,August,2,4,Friday,31,0,2025,Winter,0.9
20240803,2024-08-03 00:00:00,2024,3,8,August,3,5,Saturday,31,1,2025,Winter,0.9
20240804,2024-08-04 00:00:00,2024,3,8,August,4,6,Sunday,31,1,2025,Winter,0.9
20240805,2024-08-05 00:00:00,2024,3,8,August,5,0,Monday,32,0,2025,Winter,0.9
20240806,2024-08-06 00:00:00,2024,3,8,August,6,1,Tuesday,32,0,2025,Winter,0.9
20240807,2024-08-07 00:00:00,2024,3,8,August,7,2,Wednesday,32,0,2025,Winter,0.9
20240808,2024-08-08 00:00:00,2024,3,8,August,8,3,Thursday,32,0,2025,Winter,0.9
20240809,2024-08-09 00:00:00,2024,3,8,August,9,4,Friday,32,0,2025,Winter,0.9
20240810,2024-08-10 00:00:00,2024,3,8,August,10,5,Saturday,32,1,2025,Winter,0.9
20240811,2024-08-11 00:00:00,2024,3,8,August,11,6,Sunday,32,1,2025,Winter,0.9
20240812,2024-08-12 00:00:00,2024,3,8,August,12,0,Monday,33,0,2025,Winter,0.9
20240813,2024-08-13 00:00:00,2024,3,8,August,13,1,Tuesday,33,0,2025,Winter,0.9
20240814,2024-08-14 00:00:00,2024,3,8,August,14,2,Wednesday,33,0,2025,Winter,0.9
20240815,2024-08-15 00:00:00,2024,3,8,August,15,3,Thursday,33,0,2025,Winter,0.9
20240816,2024-08-16 00:00:00,2024,3,8,August,16,4,Friday,33,0,2025,Winter,0.9
20240817,2024-08-17 00:00:00,2024,3,8,August,17,5,Saturday,33,1,2025,Winter,0.9
20240818,2024-08-18 00:00:00,2024,3,8,August,18,6,Sunday,33,1,2025,Winter,0.9
20240819,2024-08-19 00:00:00,2024,3,8,August,19,0,Monday,34,0,2025,Winter,0.9
20240820,2024-08-20 00:00:00,2024,3,8,August,20,1,Tuesday,34,0,2025,Winter,0.9
20240821,2024-08-21 00:00:00,2024,3,8,August,21,2,Wednesday,34,0,2025,Winter,0.9
20240822,2024-08-22 00:00:00,2024,3,8,August,22,3,Thursday,34,0,2025,Winter,0.9
20240823,2024-08-23 00:00:00,2024,3,8,August,23,4,Friday,34,0,2025,Winter,0.9
20240824,2024-08-24 00:00:00,2024,3,8,August,24,5,Saturday,34,1,2025,Winter,0.9
20240825,2024-08-25 00:00:00,2024,3,8,August,25,6,Sunday,34,1,2025,Winter,0.9
20240826,2024-08-26 00:00:00,2024,3,8,August,26,0,Monday,35,0,2025,Winter,0.9
20240827,2024-08-27 00:00:00,2024,3,8,August,27,1,Tuesday,35,0,2025,Winter,0.9
20240828,2024-08-28 00:00:00,2024,3,8,August,28,2,Wednesday,35,0,2025,Winter,0.9
20240829,2024-08-29 00:00:00,2024,3,8,August,29,3,Thursday,35,0,2025,Winter,0.9
20240830,2024-08-30 00:00:00,2024,3,8,August,30,4,Friday,35,0,2025,Winter,0.9
20240831,2024-08-31 00:00:00,2024,3,8,August,31,5,Saturday,35,1,2025,Winter,0.9
20240901,2024-09-01 00:00:00,2024,3,9,September,1,6,Sunday,35,1,2025,Spring,1.0
20240902,2024-09-02 00:00:00,2024,3,9,September,2,0,Monday,36,0,2025,Spring,1.0
20240903,2024-09-03 00:00:00,2024,3,9,September,3,1,Tuesday,36,0,2025,Spring,1.0
20240904,2024-09-04 00:00:00,2024,3,9,September,4,2,Wednesday,36,0,2025,Spring,1.0
20240905,2024-09-05 00:00:00,2024,3,9,September,5,3,Thursday,36,0,2025,Spring,1.0
20240906,2024-09-06 00:00:00,2024,3,9,September,6,4,Friday,36,0,2025,Spring,1.0
20240907,2024-09-07 00:00:00,2024,3,9,September,7,5,Saturday,36,1,2025,Spring,1.0
20240908,2024-09-08 00:00:00,2024,3,9,September,8,6,Sunday,36,1,2025,Spring,1.0
20240909,2024-09-09 00:00:00,2024,3,9,September,9,0,Monday,37,0,2025,Spring,1.0
20240910,2024-09-10 00:00:00,2024,3,9,September,10,1,Tuesday,37,0,2025,Spring,1.0
20240911,2024-09-11 00:00:00,2024,3,9,September,11,2,Wednesday,37,0,2025,Spring,1.0
20240912,2024-09-12 00:00:00,2024,3,9,September,12,3,Thursday,37,0,2025,Spring,1.0
20240913,2024-09-13 00:00:00,2024,3,9,September,13,4,Friday,37,0,2025,Spring,1.0
20240914,2024-09-14 00:00:00,2024,3,9,September,14,5,Saturday,37,1,2025,Spring,1.0
20240915,2024-09-15 00:00:00,2024,3,9,September,15,6,Sunday,37,1,2025,Spring,1.0
20240916,2024-09-16 00:00:00,2024,3,9,September,16,0,Monday,38,0,2025,Spring,1.0
20240917,2024-09-17 00:00:00,2024,3,9,September,17,1,Tuesday,38,0,2025,Spring,1.0
20240918,2024-09-18 00:00:00,2024,3,9,September,18,2,Wednesday,38,0,2025,Spring,1.0
20240919,2024-09-19 00:00:00,2024,3,9,September,19,3,Thursday,38,0,2025,Spring,1.0
20240920,2024-09-20 00:00:00,2024,3,9,September,20,4,Friday,38,0,2025,Spring,1.0
20240921,2024-09-21 00:00:00,2024,3,9,September,21,5,Saturday,38,1,2025,Spring,1.0
20240922,2024-09-22 00:00:00,2024,3,9,September,22,6,Sunday,38,1,2025,Spring,1.0
20240923,2024-09-23 00:00:00,2024,3,9,September,23,0,Monday,39,0,2025,Spring,1.0
20240924,2024-09-24 00:00:00,2024,3,9,September,24,1,Tuesday,39,0,2025,Spring,1.0
20240925,2024-09-25 00:00:00,2024,3,9,September,25,2,Wednesday,39,0,2025,Spring,1.0
20240926,2024-09-26 00:00:00,2024,3,9,September,26,3,Thursday,39,0,2025,Spring,1.0
20240927,2024-09-27 00:00:00,2024,3,9,September,27,4,Friday,39,0,2025,Spring,1.0
20240928,2024-09-28 00:00:00,2024,3,9,September,28,5,Saturday,39,1,2025,Spring,1.0
20240929,2024-09-29 00:00:00,2024,3,9,September,29,6,Sunday,39,1,2025,Spring,1.0
20240930,2024-09-30 00:00:00,2024,3,9,September,30,0,Monday,40,0,2025,Spring,1.0
20241001,2024-10-01 00:00:00,2024,4,10,October,1,1,Tuesday,40,0,2025,Spring,1.1
20241002,2024-10-02 00:00:00,2024,4,10,October,2,2,Wednesday,40,0,2025,Spring,1.1
20241003,2024-10-03 00:00:00,2024,4,10,October,3,3,Thursday,40,0,2025,Spring,1.1
20241004,2024-10-04 00:00:00,2024,4,10,October,4,4,Friday,40,0,2025,Spring,1.1
20241005,2024-10-05 00:00:00,2024,4,10,October,5,5,Saturday,40,1,2025,Spring,1.1
20241006,2024-10-06 00:00:00,2024,4,10,October,6,6,Sunday,40,1,2025,Spring,1.1
20241007,2024-10-07 00:00:00,2024,4,10,October,7,0,Monday,41,0,2025,Spring,1.1
20241008,2024-10-08 00:00:00,2024,4,10,October,8,1,Tuesday,41,0,2025,Spring,1.1
20241009,2024-10-09 00:00:00,2024,4,10,October,9,2,Wednesday,41,0,2025,Spring,1.1
20241010,2024-10-10 00:00:00,2024,4,10,October,10,3,Thursday,41,0,2025,Spring,1.1
20241011,2024-10-11 00:00:00,2024,4,10,October,11,4,Friday,41,0,2025,Spring,1.1
20241012,2024-10-12 00:00:00,2024,4,10,October,12,5,Saturday,41,1,2025,Spring,1.1
20241013,2024-10-13 00:00:00,2024,4,10,October,13,6,Sunday,41,1,2025,Spring,1.1
20241014,2024-10-14 00:00:00,2024,4,10,October,14,0,Monday,42,0,2025,Spring,1.1
20241015,2024-10-15 00:00:00,2024,4,10,October,15,1,Tuesday,42,0,2025,Spring,1.1
20241016,2024-10-16 00:00:00,2024,4,10,October,16,2,Wednesday,42,0,2025,Spring,1.1
20241017,2024-10-17 00:00:00,2024,4,10,October,17,3,Thursday,42,0,2025,Spring,1.1
20241018,2024-10-18 00:00:00,2024,4,10,October,18,4,Friday,42,0,2025,Spring,1.1
20241019,2024-10-19 00:00:00,2024,4,10,October,19,5,Saturday,42,1,2025,Spring,1.1
20241020,2024-10-20 00:00:00,2024,4,10,October,20,6,Sunday,42,1,2025,Spring,1.1
20241021,2024-10-21 00:00:00,2024,4,10,October,21,0,Monday,43,0,2025,Spring,1.1
20241022,2024-10-22 00:00:00,2024,4,10,October,22,1,Tuesday,43,0,2025,Spring,1.1
20241023,2024-10-23 00:00:00,2024,4,10,October,23,2,Wednesday,43,0,2025,Spring,1.1
20241024,2024-10-24 00:00:00,2024,4,10,October,24,3,Thursday,43,0,2025,Spring,1.1
20241025,2024-10-25 00:00:00,2024,4,10,October,25,4,Friday,43,0,2025,Spring,1.1
20241026,2024-10-26 00:00:00,2024,4,10,October,26,5,Saturday,43,1,2025,Spring,1.1
20241027,2024-10-27 00:00:00,2024,4,10,October,27,6,Sunday,43,1,2025,Spring,1.1
20241028,2024-10-28 00:00:00,2024,4,10,October,28,0,Monday,44,0,2025,Spring,1.1
20241029,2024-10-29 00:00:00,2024,4,10,October,29,1,Tuesday,44,0,2025,Spring,1.1
20241030,2024-10-30 00:00:00,2024,4,10,October,30,2,Wednesday,44,0,2025,Spring,1.1
20241031,2024-10-31 00:00:00,2024,4,10,October,31,3,Thursday,44,0,2025,Spring,1.1
20241101,2024-11-01 00:00:00,2024,4,11,November,1,4,Friday,44,0,2025,Spring,1.2
20241102,2024-11-02 00:00:00,2024,4,11,November,2,5,Saturday,44,1,2025,Spring,1.2
20241103,2024-11-03 00:00:00,2024,4,11,November,3,6,Sunday,44,1,2025,Spring,1.2
20241104,2024-11-04 00:00:00,2024,4,11,November,4,0,Monday,45,0,2025,Spring,1.2
20241105,2024-11-05 00:00:00,2024,4,11,November,5,1,Tuesday,45,0,2025,Spring,1.2
20241106,2024-11-06 00:00:00,2024,4,11,November,6,2,Wednesday,45,0,2025,Spring,1.2
20241107,2024-11-07 00:00:00,2024,4,11,November,7,3,Thursday,45,0,2025,Spring,1.2
20241108,2024-11-08 00:00:00,2024,4,11,November,8,4,Friday,45,0,2025,Spring,1.2
20241109,2024-11-09 00:00:00,2024,4,11,November,9,5,Saturday,45,1,2025,Spring,1.2
20241110,2024-11-10 00:00:00,2024,4,11,November,10,6,Sunday,45,1,2025,Spring,1.2
20241111,2024-11-11 00:00:00,2024,4,11,November,11,0,Monday,46,0,2025,Spring,1.2
20241112,2024-11-12 00:00:00,2024,4,11,November,12,1,Tuesday,46,0,2025,Spring,1.2
20241113,2024-11-13 00:00:00,2024,4,11,November,13,2,Wednesday,46,0,2025,Spring,1.2
20241114,2024-11-14 00:00:00,2024,4,11,November,14,3,Thursday,46,0,2025,Spring,1.2
20241115,2024-11-15 00:00:00,2024,4,11,November,15,4,Friday,46,0,2025,Spring,1.2
20241116,2024-11-16 00:00:00,2024,4,11,November,16,5,Saturday,46,1,2025,Spring,1.2
20241117,2024-11-17 00:00:00,2024,4,11,November,17,6,Sunday,46,1,2025,Spring,1.2
20241118,2024-11-18 00:00:00,2024,4,11,November,18,0,Monday,47,0,2025,Spring,1.2
20241119,2024-11-19 00:00:00,2024,4,11,November,19,1,Tuesday,47,0,2025,Spring,1.2
20241120,2024-11-20 00:00:00,2024,4,11,November,20,2,Wednesday,47,0,2025,Spring,1.2
20241121,2024-11-21 00:00:00,2024,4,11,November,21,3,Thursday,47,0,2025,Spring,1.2
20241122,2024-11-22 00:00:00,2024,4,11,November,22,4,Friday,47,0,2025,Spring,1.2
20241123,2024-11-23 00:00:00,2024,4,11,November,23,5,Saturday,47,1,2025,Spring,1.2
20241124,2024-11-24 00:00:00,2024,4,11,November,24,6,Sunday,47,1,2025,Spring,1.2
20241125,2024-11-25 00:00:00,2024,4,11,November,25,0,Monday,48,0,2025,Spring,1.2
20241126,2024-11-26 00:00:00,2024,4,11,November,26,1,Tuesday,48,0,2025,Spring,1.2
20241127,2024-11-27 00:00:00,2024,4,11,November,27,2,Wednesday,48,0,2025,Spring,1.2
20241128,2024-11-28 00:00:00,2024,4,11,November,28,3,Thursday,48,0,2025,Spring,1.2
20241129,2024-11-29 00:00:00,2024,4,11,November,29,4,Friday,48,0,2025,Spring,1.2
20241130,2024-11-30 00:00:00,2024,4,11,November,30,5,Saturday,48,1,2025,Spring,1.2
20241201,2024-12-01 00:00:00,2024,4,12,December,1,6,Sunday,48,1,2025,Summer,1.3
20241202,2024-12-02 00:00:00,2024,4,12,December,2,0,Monday,49,0,2025,Summer,1.3
20241203,2024-12-03 00:00:00,2024,4,12,December,3,1,Tuesday,49,0,2025,Summer,1.3
20241204,2024-12-04 00:00:00,2024,4,12,December,4,2,Wednesday,49,0,2025,Summer,1.3
20241205,2024-12-05 00:00:00,2024,4,12,December,5,3,Thursday,49,0,2025,Summer,1.3
20241206,2024-12-06 00:00:00,2024,4,12,December,6,4,Friday,49,0,2025,Summer,1.3
20241207,2024-12-07 00:00:00,2024,4,12,December,7,5,Saturday,49,1,2025,Summer,1.3
20241208,2024-12-08 00:00:00,2024,4,12,December,8,6,Sunday,49,1,2025,Summer,1.3
20241209,2024-12-09 00:00:00,2024,4,12,December,9,0,Monday,50,0,2025,Summer,1.3
20241210,2024-12-10 00:00:00,2024,4,12,December,10,1,Tuesday,50,0,2025,Summer,1.3
20241211,2024-12-11 00:00:00,2024,4,12,December,11,2,Wednesday,50,0,2025,Summer,1.3
20241212,2024-12-12 00:00:00,2024,4,12,December,12,3,Thursday,50,0,2025,Summer,1.3
20241213,2024-12-13 00:00:00,2024,4,12,December,13,4,Friday,50,0,2025,Summer,1.3
20241214,2024-12-14 00:00:00,2024,4,12,December,14,5,Saturday,50,1,2025,Summer,1.3
20241215,2024-12-15 00:00:00,2024,4,12,December,15,6,Sunday,50,1,2025,Summer,1.3
20241216,2024-12-16 00:00:00,2024,4,12,December,16,0,Monday,51,0,2025,Summer,1.3
20241217,2024-12-17 00:00:00,2024,4,12,December,17,1,Tuesday,51,0,2025,Summer,1.3
20241218,2024-12-18 00:00:00,2024,4,12,December,18,2,Wednesday,51,0,2025,Summer,1.3
20241219,2024-12-19 00:00:00,2024,4,12,December,19,3,Thursday,51,0,2025,Summer,1.3
20241220,2024-12-20 00:00:00,2024,4,12,December,20,4,Friday,51,0,2025,Summer,1.3
20241221,2024-12-21 00:00:00,2024,4,12,December,21,5,Saturday,51,1,2025,Summer,1.3
20241222,2024-12-22 00:00:00,2024,4,12,December,22,6,Sunday,51,1,2025,Summer,1.3
20241223,2024-12-23 00:00:00,2024,4,12,December,23,0,Monday,52,0,2025,Summer,1.3
20241224,2024-12-24 00:00:00,2024,4,12,December,24,1,Tuesday,52,0,2025,Summer,1.3
20241225,2024-12-25 00:00:00,2024,4,12,December,25,2,Wednesday,52,0,2025,Summer,1.3
20241226,2024-12-26 00:00:00,2024,4,12,December,26,3,Thursday,52,0,2025,Summer,1.3
20241227,2024-12-27 00:00:00,2024,4,12,December,27,4,Friday,52,0,2025,Summer,1.3
20241228,2024-12-28 00:00:00,2024,4,12,December,28,5,Saturday,52,1,2025,Summer,1.3
20241229,2024-12-29 00:00:00,2024,4,12,December,29,6,Sunday,52,1,2025,Summer,1.3
20241230,2024-12-30 00:00:00,2024,4,12,December,30,0,Monday,1,0,2025,Summer,1.3
20241231,2024-12-31 00:00:00,2024,4,12,December,31,1,Tuesday,1,0,2025,Summer,1.3
20250101,2025-01-01 00:00:00,2025,1,1,January,1,2,Wednesday,1,0,2025,Summer,1.3
20250102,2025-01-02 00:00:00,2025,1,1,January,2,3,Thursday,1,0,2025,Summer,1.3
20250103,2025-01-03 00:00:00,2025,1,1,January,3,4,Friday,1,0,2025,Summer,1.3
20250104,2025-01-04 00:00:00,2025,1,1,January,4,5,Saturday,1,1,2025,Summer,1.3
20250105,2025-01-05 00:00:00,2025,1,1,January,5,6,Sunday,1,1,2025,Summer,1.3
20250106,2025-01-06 00:00:00,2025,1,1,January,6,0,Monday,2,0,2025,Summer,1.3
20250107,2025-01-07 00:00:00,2025,1,1,January,7,1,Tuesday,2,0,2025,Summer,1.3
20250108,2025-01-08 00:00:00,2025,1,1,January,8,2,Wednesday,2,0,2025,Summer,1.3
20250109,2025-01-09 00:00:00,2025,1,1,January,9,3,Thursday,2,0,2025,Summer,1.3
20250110,2025-01-10 00:00:00,2025,1,1,January,10,4,Friday,2,0,2025,Summer,1.3
20250111,2025-01-11 00:00:00,2025,1,1,January,11,5,Saturday,2,1,2025,Summer,1.3
20250112,2025-01-12 00:00:00,2025,1,1,January,12,6,Sunday,2,1,2025,Summer,1.3
20250113,2025-01-13 00:00:00,2025,1,1,January,13,0,Monday,3,0,2025,Summer,1.3
20250114,2025-01-14 00:00:00,2025,1,1,January,14,1,Tuesday,3,0,2025,Summer,1.3
20250115,2025-01-15 00:00:00,2025,1,1,January,15,2,Wednesday,3,0,2025,Summer,1.3
20250116,2025-01-16 00:00:00,2025,1,1,January,16,3,Thursday,3,0,2025,Summer,1.3
20250117,2025-01-17 00:00:00,2025,1,1,January,17,4,Friday,3,0,2025,Summer,1.3
20250118,2025-01-18 00:00:00,2025,1,1,January,18,5,Saturday,3,1,2025,Summer,1.3
20250119,2025-01-19 00:00:00,2025,1,1,January,19,6,Sunday,3,1,2025,Summer,1.3
20250120,2025-01-20 00:00:00,2025,1,1,January,20,0,Monday,4,0,2025,Summer,1.3
20250121,2025-01-21 00:00:00,2025,1,1,January,21,1,Tuesday,4,0,2025,Summer,1.3
20250122,2025-01-22 00:00:00,2025,1,1,January,22,2,Wednesday,4,0,2025,Summer,1.3
20250123,2025-01-23 00:00:00,2025,1,1,January,23,3,Thursday,4,0,2025,Summer,1.3
20250124,2025-01-24 00:00:00,2025,1,1,January,24,4,Friday,4,0,2025,Summer,1.3
20250125,2025-01-25 00:00:00,2025,1,1,January,25,5,Saturday,4,1,2025,Summer,1.3
20250126,2025-01-26 00:00:00,2025,1,1,January,26,6,Sunday,4,1,2025,Summer,1.3
20250127,2025-01-27 00:00:00,2025,1,1,January,27,0,Monday,5,0,2025,Summer,1.3
20250128,2025-01-28 00:00:00,2025,1,1,January,28,1,Tuesday,5,0,2025,Summer,1.3
20250129,2025-01-29 00:00:00,2025,1,1,January,29,2,Wednesday,5,0,2025,Summer,1.3
20250130,2025-01-30 00:00:00,2025,1,1,January,30,3,Thursday,5,0,2025,Summer,1.3
20250131,2025-01-31 00:00:00,2025,1,1,January,31,4,Friday,5,0,2025,Summer,1.3
20250201,2025-02-01 00:00:00,2025,1,2,February,1,5,Saturday,5,1,2025,Summer,1.3
20250202,2025-02-02 00:00:00,2025,1,2,February,2,6,Sunday,5,1,2025,Summer,1.3
20250203,2025-02-03 00:00:00,2025,1,2,February,3,0,Monday,6,0,2025,Summer,1.3
20250204,2025-02-04 00:00:00,2025,1,2,February,4,1,Tuesday,6,0,2025,Summer,1.3
20250205,2025-02-05 00:00:00,2025,1,2,February,5,2,Wednesday,6,0,2025,Summer,1.3
20250206,2025-02-06 00:00:00,2025,1,2,February,6,3,Thursday,6,0,2025,Summer,1.3
20250207,2025-02-07 00:00:00,2025,1,2,February,7,4,Friday,6,0,2025,Summer,1.3
20250208,2025-02-08 00:00:00,2025,1,2,February,8,5,Saturday,6,1,2025,Summer,1.3
20250209,2025-02-09 00:00:00,2025,1,2,February,9,6,Sunday,6,1,2025,Summer,1.3
20250210,2025-02-10 00:00:00,2025,1,2,February,10,0,Monday,7,0,2025,Summer,1.3
20250211,2025-02-11 00:00:00,2025,1,2,February,11,1,Tuesday,7,0,2025,Summer,1.3
20250212,2025-02-12 00:00:00,2025,1,2,February,12,2,Wednesday,7,0,2025,Summer,1.3
20250213,2025-02-13 00:00:00,2025,1,2,February,13,3,Thursday,7,0,2025,Summer,1.3
20250214,2025-02-14 00:00:00,2025,1,2,February,14,4,Friday,7,0,2025,Summer,1.3
20250215,2025-02-15 00:00:00,2025,1,2,February,15,5,Saturday,7,1,2025,Summer,1.3
20250216,2025-02-16 00:00:00,2025,1,2,February,16,6,Sunday,7,1,2025,Summer,1.3
20250217,2025-02-17 00:00:00,2025,1,2,February,17,0,Monday,8,0,2025,Summer,1.3
20250218,2025-02-18 00:00:00,2025,1,2,February,18,1,Tuesday,8,0,2025,Summer,1.3
20250219,2025-02-19 00:00:00,2025,1,2,February,19,2,Wednesday,8,0,2025,Summer,1.3
20250220,2025-02-20 00:00:00,2025,1,2,February,20,3,Thursday,8,0,2025,Summer,1.3
20250221,2025-02-21 00:00:00,2025,1,2,February,21,4,Friday,8,0,2025,Summer,1.3
20250222,2025-02-22 00:00:00,2025,1,2,February,22,5,Saturday,8,1,2025,Summer,1.3
20250223,2025-02-23 00:00:00,2025,1,2,February,23,6,Sunday,8,1,2025,Summer,1.3
20250224,2025-02-24 00:00:00,2025,1,2,February,24,0,Monday,9,0,2025,Summer,1.3
20250225,2025-02-25 00:00:00,2025,1,2,February,25,1,Tuesday,9,0,2025,Summer,1.3
20250226,2025-02-26 00:00:00,2025,1,2,February,26,2,Wednesday,9,0,2025,Summer,1.3
20250227,2025-02-27 00:00:00,2025,1,2,February,27,3,Thursday,9,0,2025,Summer,1.3
20250228,2025-02-28 00:00:00,2025,1,2,February,28,4,Friday,9,0,2025,Summer,1.3
20250301,2025-03-01 00:00:00,2025,1,3,March,1,5,Saturday,9,1,2025,Autumn,1.1
20250302,2025-03-02 00:00:00,2025,1,3,March,2,6,Sunday,9,1,2025,Autumn,1.1
20250303,2025-03-03 00:00:00,2025,1,3,March,3,0,Monday,10,0,2025,Autumn,1.1
20250304,2025-03-04 00:00:00,2025,1,3,March,4,1,Tuesday,10,0,2025,Autumn,1.1
20250305,2025-03-05 00:00:00,2025,1,3,March,5,2,Wednesday,10,0,2025,Autumn,1.1
20250306,2025-03-06 00:00:00,2025,1,3,March,6,3,Thursday,10,0,2025,Autumn,1.1
20250307,2025-03-07 00:00:00,2025,1,3,March,7,4,Friday,10,0,2025,Autumn,1.1
20250308,2025-03-08 00:00:00,2025,1,3,March,8,5,Saturday,10,1,2025,Autumn,1.1
20250309,2025-03-09 00:00:00,2025,1,3,March,9,6,Sunday,10,1,2025,Autumn,1.1
20250310,2025-03-10 00:00:00,2025,1,3,March,10,0,Monday,11,0,2025,Autumn,1.1
20250311,2025-03-11 00:00:00,2025,1,3,March,11,1,Tuesday,11,0,2025,Autumn,1.1
20250312,2025-03-12 00:00:00,2025,1,3,March,12,2,Wednesday,11,0,2025,Autumn,1.1
20250313,2025-03-13 00:00:00,2025,1,3,March,13,3,Thursday,11,0,2025,Autumn,1.1
20250314,2025-03-14 00:00:00,2025,1,3,March,14,4,Friday,11,0,2025,Autumn,1.1
20250315,2025-03-15 00:00:00,2025,1,3,March,15,5,Saturday,11,1,2025,Autumn,1.1
20250316,2025-03-16 00:00:00,2025,1,3,March,16,6,Sunday,11,1,2025,Autumn,1.1
20250317,2025-03-17 00:00:00,2025,1,3,March,17,0,Monday,12,0,2025,Autumn,1.1
20250318,2025-03-18 00:00:00,2025,1,3,March,18,1,Tuesday,12,0,2025,Autumn,1.1
20250319,2025-03-19 00:00:00,2025,1,3,March,19,2,Wednesday,12,0,2025,Autumn,1.1
20250320,2025-03-20 00:00:00,2025,1,3,March,20,3,Thursday,12,0,2025,Autumn,1.1
20250321,2025-03-21 00:00:00,2025,1,3,March,21,4,Friday,12,0,2025,Autumn,1.1
20250322,2025-03-22 00:00:00,2025,1,3,March,22,5,Saturday,12,1,2025,Autumn,1.1
20250323,2025-03-23 00:00:00,2025,1,3,March,23,6,Sunday,12,1,2025,Autumn,1.1
20250324,2025-03-24 00:00:00,2025,1,3,March,24,0,Monday,13,0,2025,Autumn,1.1
20250325,2025-03-25 00:00:00,2025,1,3,March,25,1,Tuesday,13,0,2025,Autumn,1.1
20250326,2025-03-26 00:00:00,2025,1,3,March,26,2,Wednesday,13,0,2025,Autumn,1.1
20250327,2025-03-27 00:00:00,2025,1,3,March,27,3,Thursday,13,0,2025,Autumn,1.1
20250328,2025-03-28 00:00:00,2025,1,3,March,28,4,Friday,13,0,2025,Autumn,1.1
20250329,2025-03-29 00:00:00,2025,1,3,March,29,5,Saturday,13,1,2025,Autumn,1.1
20250330,2025-03-30 00:00:00,2025,1,3,March,30,6,Sunday,13,1,2025,Autumn,1.1
20250331,2025-03-31 00:00:00,2025,1,3,March,31,0,Monday,14,0,2025,Autumn,1.1
20250401,2025-04-01 00:00:00,2025,2,4,April,1,1,Tuesday,14,0,2025,Autumn,1.0
20250402,2025-04-02 00:00:00,2025,2,4,April,2,2,Wednesday,14,0,2025,Autumn,1.0
20250403,2025-04-03 00:00:00,2025,2,4,April,3,3,Thursday,14,0,2025,Autumn,1.0
20250404,2025-04-04 00:00:00,2025,2,4,April,4,4,Friday,14,0,2025,Autumn,1.0
20250405,2025-04-05 00:00:00,2025,2,4,April,5,5,Saturday,14,1,2025,Autumn,1.0
20250406,2025-04-06 00:00:00,2025,2,4,April,6,6,Sunday,14,1,2025,Autumn,1.0
20250407,2025-04-07 00:00:00,2025,2,4,April,7,0,Monday,15,0,2025,Autumn,1.0
20250408,2025-04-08 00:00:00,2025,2,4,April,8,1,Tuesday,15,0,2025,Autumn,1.0
20250409,2025-04-09 00:00:00,2025,2,4,April,9,2,Wednesday,15,0,2025,Autumn,1.0
20250410,2025-04-10 00:00:00,2025,2,4,April,10,3,Thursday,15,0,2025,Autumn,1.0
20250411,2025-04-11 00:00:00,2025,2,4,April,11,4,Friday,15,0,2025,Autumn,1.0
20250412,2025-04-12 00:00:00,2025,2,4,April,12,5,Saturday,15,1,2025,Autumn,1.0
20250413,2025-04-13 00:00:00,2025,2,4,April,13,6,Sunday,15,1,2025,Autumn,1.0
20250414,2025-04-14 00:00:00,2025,2,4,April,14,0,Monday,16,0,2025,Autumn,1.0
20250415,2025-04-15 00:00:00,2025,2,4,April,15,1,Tuesday,16,0,2025,Autumn,1.0
20250416,2025-04-16 00:00:00,2025,2,4,April,16,2,Wednesday,16,0,2025,Autumn,1.0
20250417,2025-04-17 00:00:00,2025,2,4,April,17,3,Thursday,16,0,2025,Autumn,1.0
20250418,2025-04-18 00:00:00,2025,2,4,April,18,4,Friday,16,0,2025,Autumn,1.0
20250419,2025-04-19 00:00:00,2025,2,4,April,19,5,Saturday,16,1,2025,Autumn,1.0
20250420,2025-04-20 00:00:00,2025,2,4,April,20,6,Sunday,16,1,2025,Autumn,1.0
20250421,2025-04-21 00:00:00,2025,2,4,April,21,0,Monday,17,0,2025,Autumn,1.0
20250422,2025-04-22 00:00:00,2025,2,4,April,22,1,Tuesday,17,0,2025,Autumn,1.0
20250423,2025-04-23 00:00:00,2025,2,4,April,23,2,Wednesday,17,0,2025,Autumn,1.0
20250424,2025-04-24 00:00:00,2025,2,4,April,24,3,Thursday,17,0,2025,Autumn,1.0
20250425,2025-04-25 00:00:00,2025,2,4,April,25,4,Friday,17,0,2025,Autumn,1.0
20250426,2025-04-26 00:00:00,2025,2,4,April,26,5,Saturday,17,1,2025,Autumn,1.0
20250427,2025-04-27 00:00:00,2025,2,4,April,27,6,Sunday,17,1,2025,Autumn,1.0
20250428,2025-04-28 00:00:00,2025,2,4,April,28,0,Monday,18,0,2025,Autumn,1.0
20250429,2025-04-29 00:00:00,2025,2,4,April,29,1,Tuesday,18,0,2025,Autumn,1.0
20250430,2025-04-30 00:00:00,2025,2,4,April,30,2,Wednesday,18,0,2025,Autumn,1.0
20250501,2025-05-01 00:00:00,2025,2,5,May,1,3,Thursday,18,0,2025,Autumn,0.9
20250502,2025-05-02 00:00:00,2025,2,5,May,2,4,Friday,18,0,2025,Autumn,0.9
20250503,2025-05-03 00:00:00,2025,2,5,May,3,5,Saturday,18,1,2025,Autumn,0.9
20250504,2025-05-04 00:00:00,2025,2,5,May,4,6,Sunday,18,1,2025,Autumn,0.9
20250505,2025-05-05 00:00:00,2025,2,5,May,5,0,Monday,19,0,2025,Autumn,0.9
20250506,2025-05-06 00:00:00,2025,2,5,May,6,1,Tuesday,19,0,2025,Autumn,0.9
20250507,2025-05-07 00:00:00,2025,2,5,May,7,2,Wednesday,19,0,2025,Autumn,0.9
20250508,2025-05-08 00:00:00,2025,2,5,May,8,3,Thursday,19,0,2025,Autumn,0.9
20250509,2025-05-09 00:00:00,2025,2,5,May,9,4,Friday,19,0,2025,Autumn,0.9
20250510,2025-05-10 00:00:00,2025,2,5,May,10,5,Saturday,19,1,2025,Autumn,0.9
20250511,2025-05-11 00:00:00,2025,2,5,May,11,6,Sunday,19,1,2025,Autumn,0.9
20250512,2025-05-12 00:00:00,2025,2,5,May,12,0,Monday,20,0,2025,Autumn,0.9
20250513,2025-05-13 00:00:00,2025,2,5,May,13,1,Tuesday,20,0,2025,Autumn,0.9
20250514,2025-05-14 00:00:00,2025,2,5,May,14,2,Wednesday,20,0,2025,Autumn,0.9
20250515,2025-05-15 00:00:00,2025,2,5,May,15,3,Thursday,20,0,2025,Autumn,0.9
20250516,2025-05-16 00:00:00,2025,2,5,May,16,4,Friday,20,0,2025,Autumn,0.9
20250517,2025-05-17 00:00:00,2025,2,5,May,17,5,Saturday,20,1,2025,Autumn,0.9
20250518,2025-05-18 00:00:00,2025,2,5,May,18,6,Sunday,20,1,2025,Autumn,0.9
20250519,2025-05-19 00:00:00,2025,2,5,May,19,0,Monday,21,0,2025,Autumn,0.9
20250520,2025-05-20 00:00:00,2025,2,5,May,20,1,Tuesday,21,0,2025,Autumn,0.9
20250521,2025-05-21 00:00:00,2025,2,5,May,21,2,Wednesday,21,0,2025,Autumn,0.9
20250522,2025-05-22 00:00:00,2025,2,5,May,22,3,Thursday,21,0,2025,Autumn,0.9
20250523,2025-05-23 00:00:00,2025,2,5,May,23,4,Friday,21,0,2025,Autumn,0.9
20250524,2025-05-24 00:00:00,2025,2,5,May,24,5,Saturday,21,1,2025,Autumn,0.9
20250525,2025-05-25 00:00:00,2025,2,5,May,25,6,Sunday,21,1,2025,Autumn,0.9
20250526,2025-05-26 00:00:00,2025,2,5,May,26,0,Monday,22,0,2025,Autumn,0.9
20250527,2025-05-27 00:00:00,2025,2,5,May,27,1,Tuesday,22,0,2025,Autumn,0.9
20250528,2025-05-28 00:00:00,2025,2,5,May,28,2,Wednesday,22,0,2025,Autumn,0.9
20250529,2025-05-29 00:00:00,2025,2,5,May,29,3,Thursday,22,0,2025,Autumn,0.9
20250530,2025-05-30 00:00:00,2025,2,5,May,30,4,Friday,22,0,2025,Autumn,0.9
20250531,2025-05-31 00:00:00,2025,2,5,May,31,5,Saturday,22,1,2025,Autumn,0.9
20250601,2025-06-01 00:00:00,2025,2,6,June,1,6,Sunday,22,1,2025,Winter,0.85
20250602,2025-06-02 00:00:00,2025,2,6,June,2,0,Monday,23,0,2025,Winter,0.85
20250603,2025-06-03 00:00:00,2025,2,6,June,3,1,Tuesday,23,0,2025,Winter,0.85
20250604,2025-06-04 00:00:00,2025,2,6,June,4,2,Wednesday,23,0,2025,Winter,0.85
20250605,2025-06-05 00:00:00,2025,2,6,June,5,3,Thursday,23,0,2025,Winter,0.85
20250606,2025-06-06 00:00:00,2025,2,6,June,6,4,Friday,23,0,2025,Winter,0.85
20250607,2025-06-07 00:00:00,2025,2,6,June,7,5,Saturday,23,1,2025,Winter,0.85
20250608,2025-06-08 00:00:00,2025,2,6,June,8,6,Sunday,23,1,2025,Winter,0.85
20250609,2025-06-09 00:00:00,2025,2,6,June,9,0,Monday,24,0,2025,Winter,0.85
20250610,2025-06-10 00:00:00,2025,2,6,June,10,1,Tuesday,24,0,2025,Winter,0.85
20250611,2025-06-11 00:00:00,2025,2,6,June,11,2,Wednesday,24,0,2025,Winter,0.85
20250612,2025-06-12 00:00:00,2025,2,6,June,12,3,Thursday,24,0,2025,Winter,0.85
20250613,2025-06-13 00:00:00,2025,2,6,June,13,4,Friday,24,0,2025,Winter,0.85
20250614,2025-06-14 00:00:00,2025,2,6,June,14,5,Saturday,24,1,2025,Winter,0.85
20250615,2025-06-15 00:00:00,2025,2,6,June,15,6,Sunday,24,1,2025,Winter,0.85
20250616,2025-06-16 00:00:00,2025,2,6,June,16,0,Monday,25,0,2025,Winter,0.85
20250617,2025-06-17 00:00:00,2025,2,6,June,17,1,Tuesday,25,0,2025,Winter,0.85
20250618,2025-06-18 00:00:00,2025,2,6,June,18,2,Wednesday,25,0,2025,Winter,0.85
20250619,2025-06-19 00:00:00,2025,2,6,June,19,3,Thursday,25,0,2025,Winter,0.85
20250620,2025-06-20 00:00:00,2025,2,6,June,20,4,Friday,25,0,2025,Winter,0.85
20250621,2025-06-21 00:00:00,2025,2,6,June,21,5,Saturday,25,1,2025,Winter,0.85
20250622,2025-06-22 00:00:00,2025,2,6,June,22,6,Sunday,25,1,2025,Winter,0.85
20250623,2025-06-23 00:00:00,2025,2,6,June,23,0,Monday,26,0,2025,Winter,0.85
20250624,2025-06-24 00:00:00,2025,2,6,June,24,1,Tuesday,26,0,2025,Winter,0.85
20250625,2025-06-25 00:00:00,2025,2,6,June,25,2,Wednesday,26,0,2025,Winter,0.85
20250626,2025-06-26 00:00:00,2025,2,6,June,26,3,Thursday,26,0,2025,Winter,0.85
20250627,2025-06-27 00:00:00,2025,2,6,June,27,4,Friday,26,0,2025,Winter,0.85
20250628,2025-06-28 00:00:00,2025,2,6,June,28,5,Saturday,26,1,2025,Winter,0.85
20250629,2025-06-29 00:00:00,2025,2,6,June,29,6,Sunday,26,1,2025,Winter,0.85
20250630,2025-06-30 00:00:00,2025,2,6,June,30,0,Monday,27,0,2025,Winter,0.85
20250701,2025-07-01 00:00:00,2025,3,7,July,1,1,Tuesday,27,0,2026,Winter,0.85
20250702,2025-07-02 00:00:00,2025,3,7,July,2,2,Wednesday,27,0,2026,Winter,0.85
20250703,2025-07-03 00:00:00,2025,3,7,July,3,3,Thursday,27,0,2026,Winter,0.85
20250704,2025-07-04 00:00:00,2025,3,7,July,4,4,Friday,27,0,2026,Winter,0.85
20250705,2025-07-05 00:00:00,2025,3,7,July,5,5,Saturday,27,1,2026,Winter,0.85
20250706,2025-07-06 00:00:00,2025,3,7,July,6,6,Sunday,27,1,2026,Winter,0.85
20250707,2025-07-07 00:00:00,2025,3,7,July,7,0,Monday,28,0,2026,Winter,0.85
20250708,2025-07-08 00:00:00,2025,3,7,July,8,1,Tuesday,28,0,2026,Winter,0.85
20250709,2025-07-09 00:00:00,2025,3,7,July,9,2,Wednesday,28,0,2026,Winter,0.85
20250710,2025-07-10 00:00:00,2025,3,7,July,10,3,Thursday,28,0,2026,Winter,0.85
20250711,2025-07-11 00:00:00,2025,3,7,July,11,4,Friday,28,0,2026,Winter,0.85
20250712,2025-07-12 00:00:00,2025,3,7,July,12,5,Saturday,28,1,2026,Winter,0.85
20250713,2025-07-13 00:00:00,2025,3,7,July,13,6,Sunday,28,1,2026,Winter,0.85
20250714,2025-07-14 00:00:00,2025,3,7,July,14,0,Monday,29,0,2026,Winter,0.85
20250715,2025-07-15 00:00:00,2025,3,7,July,15,1,Tuesday,29,0,2026,Winter,0.85
20250716,2025-07-16 00:00:00,2025,3,7,July,16,2,Wednesday,29,0,2026,Winter,0.85
20250717,2025-07-17 00:00:00,2025,3,7,July,17,3,Thursday,29,0,2026,Winter,0.85
20250718,2025-07-18 00:00:00,2025,3,7,July,18,4,Friday,29,0,2026,Winter,0.85
20250719,2025-07-19 00:00:00,2025,3,7,July,19,5,Saturday,29,1,2026,Winter,0.85
20250720,2025-07-20 00:00:00,2025,3,7,July,20,6,Sunday,29,1,2026,Winter,0.85
20250721,2025-07-21 00:00:00,2025,3,7,July,21,0,Monday,30,0,2026,Winter,0.85
20250722,2025-07-22 00:00:00,2025,3,7,July,22,1,Tuesday,30,0,2026,Winter,0.85
20250723,2025-07-23 00:00:00,2025,3,7,July,23,2,Wednesday,30,0,2026,Winter,0.85
20250724,2025-07-24 00:00:00,2025,3,7,July,24,3,Thursday,30,0,2026,Winter,0.85
20250725,2025-07-25 00:00:00,2025,3,7,July,25,4,Friday,30,0,2026,Winter,0.85
20250726,2025-07-26 00:00:00,2025,3,7,July,26,5,Saturday,30,1,2026,Winter,0.85
20250727,2025-07-27 00:00:00,2025,3,7,July,27,6,Sunday,30,1,2026,Winter,0.85
20250728,2025-07-28 00:00:00,2025,3,7,July,28,0,Monday,31,0,2026,Winter,0.85
20250729,2025-07-29 00:00:00,2025,3,7,July,29,1,Tuesday,31,0,2026,Winter,0.85
20250730,2025-07-30 00:00:00,2025,3,7,July,30,2,Wednesday,31,0,2026,Winter,0.85
20250731,2025-07-31 00:00:00,2025,3,7,July,31,3,Thursday,31,0,2026,Winter,0.85
20250801,2025-08-01 00:00:00,2025,3,8,August,1,4,Friday,31,0,2026,Winter,0.9
20250802,2025-08-02 00:00:00,2025,3,8,August,2,5,Saturday,31,1,2026,Winter,0.9
20250803,2025-08-03 00:00:00,2025,3,8,August,3,6,Sunday,31,1,2026,Winter,0.9
20250804,2025-08-04 00:00:00,2025,3,8,August,4,0,Monday,32,0,2026,Winter,0.9
20250805,2025-08-05 00:00:00,2025,3,8,August,5,1,Tuesday,32,0,2026,Winter,0.9
20250806,2025-08-06 00:00:00,2025,3,8,August,6,2,Wednesday,32,0,2026,Winter,0.9
20250807,2025-08-07 00:00:00,2025,3,8,August,7,3,Thursday,32,0,2026,Winter,0.9
20250808,2025-08-08 00:00:00,2025,3,8,August,8,4,Friday,32,0,2026,Winter,0.9
20250809,2025-08-09 00:00:00,2025,3,8,August,9,5,Saturday,32,1,2026,Winter,0.9
20250810,2025-08-10 00:00:00,2025,3,8,August,10,6,Sunday,32,1,2026,Winter,0.9
20250811,2025-08-11 00:00:00,2025,3,8,August,11,0,Monday,33,0,2026,Winter,0.9
20250812,2025-08-12 00:00:00,2025,3,8,August,12,1,Tuesday,33,0,2026,Winter,0.9
20250813,2025-08-13 00:00:00,2025,3,8,August,13,2,Wednesday,33,0,2026,Winter,0.9
20250814,2025-08-14 00:00:00,2025,3,8,August,14,3,Thursday,33,0,2026,Winter,0.9
20250815,2025-08-15 00:00:00,2025,3,8,August,15,4,Friday,33,0,2026,Winter,0.9
20250816,2025-08-16 00:00:00,2025,3,8,August,16,5,Saturday,33,1,2026,Winter,0.9
20250817,2025-08-17 00:00:00,2025,3,8,August,17,6,Sunday,33,1,2026,Winter,0.9
20250818,2025-08-18 00:00:00,2025,3,8,August,18,0,Monday,34,0,2026,Winter,0.9
20250819,2025-08-19 00:00:00,2025,3,8,August,19,1,Tuesday,34,0,2026,Winter,0.9
20250820,2025-08-20 00:00:00,2025,3,8,August,20,2,Wednesday,34,0,2026,Winter,0.9
20250821,2025-08-21 00:00:00,2025,3,8,August,21,3,Thursday,34,0,2026,Winter,0.9
20250822,2025-08-22 00:00:00,2025,3,8,August,22,4,Friday,34,0,2026,Winter,0.9
20250823,2025-08-23 00:00:00,2025,3,8,August,23,5,Saturday,34,1,2026,Winter,0.9
20250824,2025-08-24 00:00:00,2025,3,8,August,24,6,Sunday,34,1,2026,Winter,0.9
20250825,2025-08-25 00:00:00,2025,3,8,August,25,0,Monday,35,0,2026,Winter,0.9
20250826,2025-08-26 00:00:00,2025,3,8,August,26,1,Tuesday,35,0,2026,Winter,0.9
20250827,2025-08-27 00:00:00,2025,3,8,August,27,2,Wednesday,35,0,2026,Winter,0.9
20250828,2025-08-28 00:00:00,2025,3,8,August,28,3,Thursday,35,0,2026,Winter,0.9
20250829,2025-08-29 00:00:00,2025,3,8,August,29,4,Friday,35,0,2026,Winter,0.9
20250830,2025-08-30 00:00:00,2025,3,8,August,30,5,Saturday,35,1,2026,Winter,0.9
20250831,2025-08-31 00:00:00,2025,3,8,August,31,6,Sunday,35,1,2026,Winter,0.9
20250901,2025-09-01 00:00:00,2025,3,9,September,1,0,Monday,36,0,2026,Spring,1.0
20250902,2025-09-02 00:00:00,2025,3,9,September,2,1,Tuesday,36,0,2026,Spring,1.0
20250903,2025-09-03 00:00:00,2025,3,9,September,3,2,Wednesday,36,0,2026,Spring,1.0
20250904,2025-09-04 00:00:00,2025,3,9,September,4,3,Thursday,36,0,2026,Spring,1.0
20250905,2025-09-05 00:00:00,2025,3,9,September,5,4,Friday,36,0,2026,Spring,1.0
20250906,2025-09-06 00:00:00,2025,3,9,September,6,5,Saturday,36,1,2026,Spring,1.0
20250907,2025-09-07 00:00:00,2025,3,9,September,7,6,Sunday,36,1,2026,Spring,1.0
20250908,2025-09-08 00:00:00,2025,3,9,September,8,0,Monday,37,0,2026,Spring,1.0
20250909,2025-09-09 00:00:00,2025,3,9,September,9,1,Tuesday,37,0,2026,Spring,1.0
20250910,2025-09-10 00:00:00,2025,3,9,September,10,2,Wednesday,37,0,2026,Spring,1.0
20250911,2025-09-11 00:00:00,2025,3,9,September,11,3,Thursday,37,0,2026,Spring,1.0
20250912,2025-09-12 00:00:00,2025,3,9,September,12,4,Friday,37,0,2026,Spring,1.0
20250913,2025-09-13 00:00:00,2025,3,9,September,13,5,Saturday,37,1,2026,Spring,1.0
20250914,2025-09-14 00:00:00,2025,3,9,September,14,6,Sunday,37,1,2026,Spring,1.0
20250915,2025-09-15 00:00:00,2025,3,9,September,15,0,Monday,38,0,2026,Spring,1.0
20250916,2025-09-16 00:00:00,2025,3,9,September,16,1,Tuesday,38,0,2026,Spring,1.0
20250917,2025-09-17 00:00:00,2025,3,9,September,17,2,Wednesday,38,0,2026,Spring,1.0
20250918,2025-09-18 00:00:00,2025,3,9,September,18,3,Thursday,38,0,2026,Spring,1.0
20250919,2025-09-19 00:00:00,2025,3,9,September,19,4,Friday,38,0,2026,Spring,1.0
20250920,2025-09-20 00:00:00,2025,3,9,September,20,5,Saturday,38,1,2026,Spring,1.0
20250921,2025-09-21 00:00:00,2025,3,9,September,21,6,Sunday,38,1,2026,Spring,1.0
20250922,2025-09-22 00:00:00,2025,3,9,September,22,0,Monday,39,0,2026,Spring,1.0
20250923,2025-09-23 00:00:00,2025,3,9,September,23,1,Tuesday,39,0,2026,Spring,1.0
20250924,2025-09-24 00:00:00,2025,3,9,September,24,2,Wednesday,39,0,2026,Spring,1.0
20250925,2025-09-25 00:00:00,2025,3,9,September,25,3,Thursday,39,0,2026,Spring,1.0
20250926,2025-09-26 00:00:00,2025,3,9,September,26,4,Friday,39,0,2026,Spring,1.0
20250927,2025-09-27 00:00:00,2025,3,9,September,27,5,Saturday,39,1,2026,Spring,1.0
20250928,2025-09-28 00:00:00,2025,3,9,September,28,6,Sunday,39,1,2026,Spring,1.0
20250929,2025-09-29 00:00:00,2025,3,9,September,29,0,Monday,40,0,2026,Spring,1.0
20250930,2025-09-30 00:00:00,2025,3,9,September,30,1,Tuesday,40,0,2026,Spring,1.0
20251001,2025-10-01 00:00:00,2025,4,10,October,1,2,Wednesday,40,0,2026,Spring,1.1
20251002,2025-10-02 00:00:00,2025,4,10,October,2,3,Thursday,40,0,2026,Spring,1.1
20251003,2025-10-03 00:00:00,2025,4,10,October,3,4,Friday,40,0,2026,Spring,1.1
20251004,2025-10-04 00:00:00,2025,4,10,October,4,5,Saturday,40,1,2026,Spring,1.1
20251005,2025-10-05 00:00:00,2025,4,10,October,5,6,Sunday,40,1,2026,Spring,1.1
20251006,2025-10-06 00:00:00,2025,4,10,October,6,0,Monday,41,0,2026,Spring,1.1
20251007,2025-10-07 00:00:00,2025,4,10,October,7,1,Tuesday,41,0,2026,Spring,1.1
20251008,2025-10-08 00:00:00,2025,4,10,October,8,2,Wednesday,41,0,2026,Spring,1.1
20251009,2025-10-09 00:00:00,2025,4,10,October,9,3,Thursday,41,0,2026,Spring,1.1
20251010,2025-10-10 00:00:00,2025,4,10,October,10,4,Friday,41,0,2026,Spring,1.1
20251011,2025-10-11 00:00:00,2025,4,10,October,11,5,Saturday,41,1,2026,Spring,1.1
20251012,2025-10-12 00:00:00,2025,4,10,October,12,6,Sunday,41,1,2026,Spring,1.1
20251013,2025-10-13 00:00:00,2025,4,10,October,13,0,Monday,42,0,2026,Spring,1.1
20251014,2025-10-14 00:00:00,2025,4,10,October,14,1,Tuesday,42,0,2026,Spring,1.1
20251015,2025-10-15 00:00:00,2025,4,10,October,15,2,Wednesday,42,0,2026,Spring,1.1
20251016,2025-10-16 00:00:00,2025,4,10,October,16,3,Thursday,42,0,2026,Spring,1.1
20251017,2025-10-17 00:00:00,2025,4,10,October,17,4,Friday,42,0,2026,Spring,1.1
20251018,2025-10-18 00:00:00,2025,4,10,October,18,5,Saturday,42,1,2026,Spring,1.1
20251019,2025-10-19 00:00:00,2025,4,10,October,19,6,Sunday,42,1,2026,Spring,1.1
20251020,2025-10-20 00:00:00,2025,4,10,October,20,0,Monday,43,0,2026,Spring,1.1
20251021,2025-10-21 00:00:00,2025,4,10,October,21,1,Tuesday,43,0,2026,Spring,1.1
20251022,2025-10-22 00:00:00,2025,4,10,October,22,2,Wednesday,43,0,2026,Spring,1.1
20251023,2025-10-23 00:00:00,2025,4,10,October,23,3,Thursday,43,0,2026,Spring,1.1
20251024,2025-10-24 00:00:00,2025,4,10,October,24,4,Friday,43,0,2026,Spring,1.1
20251025,2025-10-25 00:00:00,2025,4,10,October,25,5,Saturday,43,1,2026,Spring,1.1
20251026,2025-10-26 00:00:00,2025,4,10,October,26,6,Sunday,43,1,2026,Spring,1.1
20251027,2025-10-27 00:00:00,2025,4,10,October,27,0,Monday,44,0,2026,Spring,1.1
20251028,2025-10-28 00:00:00,2025,4,10,October,28,1,Tuesday,44,0,2026,Spring,1.1
20251029,2025-10-29 00:00:00,2025,4,10,October,29,2,Wednesday,44,0,2026,Spring,1.1
20251030,2025-10-30 00:00:00,2025,4,10,October,30,3,Thursday,44,0,2026,Spring,1.1
20251031,2025-10-31 00:00:00,2025,4,10,October,31,4,Friday,44,0,2026,Spring,1.1
20251101,2025-11-01 00:00:00,2025,4,11,November,1,5,Saturday,44,1,2026,Spring,1.2
20251102,2025-11-02 00:00:00,2025,4,11,November,2,6,Sunday,44,1,2026,Spring,1.2
20251103,2025-11-03 00:00:00,2025,4,11,November,3,0,Monday,45,0,2026,Spring,1.2
20251104,2025-11-04 00:00:00,2025,4,11,November,4,1,Tuesday,45,0,2026,Spring,1.2
20251105,2025-11-05 00:00:00,2025,4,11,November,5,2,Wednesday,45,0,2026,Spring,1.2
20251106,2025-11-06 00:00:00,2025,4,11,November,6,3,Thursday,45,0,2026,Spring,1.2
20251107,2025-11-07 00:00:00,2025,4,11,November,7,4,Friday,45,0,2026,Spring,1.2
20251108,2025-11-08 00:00:00,2025,4,11,November,8,5,Saturday,45,1,2026,Spring,1.2
20251109,2025-11-09 00:00:00,2025,4,11,November,9,6,Sunday,45,1,2026,Spring,1.2
20251110,2025-11-10 00:00:00,2025,4,11,November,10,0,Monday,46,0,2026,Spring,1.2
20251111,2025-11-11 00:00:00,2025,4,11,November,11,1,Tuesday,46,0,2026,Spring,1.2
20251112,2025-11-12 00:00:00,2025,4,11,November,12,2,Wednesday,46,0,2026,Spring,1.2
20251113,2025-11-13 00:00:00,2025,4,11,November,13,3,Thursday,46,0,2026,Spring,1.2
20251114,2025-11-14 00:00:00,2025,4,11,November,14,4,Friday,46,0,2026,Spring,1.2
20251115,2025-11-15 00:00:00,2025,4,11,November,15,5,Saturday,46,1,2026,Spring,1.2
20251116,2025-11-16 00:00:00,2025,4,11,November,16,6,Sunday,46,1,2026,Spring,1.2
20251117,2025-11-17 00:00:00,2025,4,11,November,17,0,Monday,47,0,2026,Spring,1.2
20251118,2025-11-18 00:00:00,2025,4,11,November,18,1,Tuesday,47,0,2026,Spring,1.2
20251119,2025-11-19 00:00:00,2025,4,11,November,19,2,Wednesday,47,0,2026,Spring,1.2
20251120,2025-11-20 00:00:00,2025,4,11,November,20,3,Thursday,47,0,2026,Spring,1.2
20251121,2025-11-21 00:00:00,2025,4,11,November,21,4,Friday,47,0,2026,Spring,1.2
20251122,2025-11-22 00:00:00,2025,4,11,November,22,5,Saturday,47,1,2026,Spring,1.2
20251123,2025-11-23 00:00:00,2025,4,11,November,23,6,Sunday,47,1,2026,Spring,1.2
20251124,2025-11-24 00:00:00,2025,4,11,November,24,0,Monday,48,0,2026,Spring,1.2
20251125,2025-11-25 00:00:00,2025,4,11,November,25,1,Tuesday,48,0,2026,Spring,1.2
20251126,2025-11-26 00:00:00,2025,4,11,November,26,2,Wednesday,48,0,2026,Spring,1.2
20251127,2025-11-27 00:00:00,2025,4,11,November,27,3,Thursday,48,0,2026,Spring,1.2
20251128,2025-11-28 00:00:00,2025,4,11,November,28,4,Friday,48,0,2026,Spring,1.2
20251129,2025-11-29 00:00:00,2025,4,11,November,29,5,Saturday,48,1,2026,Spring,1.2
20251130,2025-11-30 00:00:00,2025,4,11,November,30,6,Sunday,48,1,2026,Spring,1.2
20251201,2025-12-01 00:00:00,2025,4,12,December,1,0,Monday,49,0,2026,Summer,1.3
20251202,2025-12-02 00:00:00,2025,4,12,December,2,1,Tuesday,49,0,2026,Summer,1.3
20251203,2025-12-03 00:00:00,2025,4,12,December,3,2,Wednesday,49,0,2026,Summer,1.3
20251204,2025-12-04 00:00:00,2025,4,12,December,4,3,Thursday,49,0,2026,Summer,1.3
20251205,2025-12-05 00:00:00,2025,4,12,December,5,4,Friday,49,0,2026,Summer,1.3
20251206,2025-12-06 00:00:00,2025,4,12,December,6,5,Saturday,49,1,2026,Summer,1.3
20251207,2025-12-07 00:00:00,2025,4,12,December,7,6,Sunday,49,1,2026,Summer,1.3
20251208,2025-12-08 00:00:00,2025,4,12,December,8,0,Monday,50,0,2026,Summer,1.3
20251209,2025-12-09 00:00:00,2025,4,12,December,9,1,Tuesday,50,0,2026,Summer,1.3
20251210,2025-12-10 00:00:00,2025,4,12,December,10,2,Wednesday,50,0,2026,Summer,1.3
20251211,2025-12-11 00:00:00,2025,4,12,December,11,3,Thursday,50,0,2026,Summer,1.3
20251212,2025-12-12 00:00:00,2025,4,12,December,12,4,Friday,50,0,2026,Summer,1.3
20251213,2025-12-13 00:00:00,2025,4,12,December,13,5,Saturday,50,1,2026,Summer,1.3
20251214,2025-12-14 00:00:00,2025,4,12,December,14,6,Sunday,50,1,2026,Summer,1.3
20251215,2025-12-15 00:00:00,2025,4,12,December,15,0,Monday,51,0,2026,Summer,1.3
20251216,2025-12-16 00:00:00,2025,4,12,December,16,1,Tuesday,51,0,2026,Summer,1.3
20251217,2025-12-17 00:00:00,2025,4,12,December,17,2,Wednesday,51,0,2026,Summer,1.3
20251218,2025-12-18 00:00:00,2025,4,12,December,18,3,Thursday,51,0,2026,Summer,1.3
20251219,2025-12-19 00:00:00,2025,4,12,December,19,4,Friday,51,0,2026,Summer,1.3
20251220,2025-12-20 00:00:00,2025,4,12,December,20,5,Saturday,51,1,2026,Summer,1.3
20251221,2025-12-21 00:00:00,2025,4,12,December,21,6,Sunday,51,1,2026,Summer,1.3
20251222,2025-12-22 00:00:00,2025,4,12,December,22,0,Monday,52,0,2026,Summer,1.3
20251223,2025-12-23 00:00:00,2025,4,12,December,23,1,Tuesday,52,0,2026,Summer,1.3
20251224,2025-12-24 00:00:00,2025,4,12,December,24,2,Wednesday,52,0,2026,Summer,1.3
20251225,2025-12-25 00:00:00,2025,4,12,December,25,3,Thursday,52,0,2026,Summer,1.3
20251226,2025-12-26 00:00:00,2025,4,12,December,26,4,Friday,52,0,2026,Summer,1.3
20251227,2025-12-27 00:00:00,2025,4,12,December,27,5,Saturday,52,1,2026,Summer,1.3
20251228,2025-12-28 00:00:00,2025,4,12,December,28,6,Sunday,52,1,2026,Summer,1.3
20251229,2025-12-29 00:00:00,2025,4,12,December,29,0,Monday,1,0,2026,Summer,1.3
20251230,2025-12-30 00:00:00,2025,4,12,December,30,1,Tuesday,1,0,2026,Summer,1.3
20251231,2025-12-31 00:00:00,2025,4,12,December,31,2,Wednesday,1,0,2026,Summer,1.3
